Pick,count,null_count,mean,std,min,25%,50%,75%,max
1,83,0,24.93975903614458,16.685285906896738,0.0,10.0,24.0,38.0,63.0
2,63,0,27.682539682539684,15.306361103154925,0.0,17.0,29.0,38.5,68.0
3,58,0,27.17241379310345,13.494817629123974,2.0,18.25,27.0,36.75,57.0
4,56,0,28.410714285714285,12.546316787610015,4.0,17.75,27.0,33.5,59.0
5,56,0,28.339285714285715,13.663856484388804,3.0,18.75,28.0,35.5,62.0
6,56,0,25.589285714285715,12.976589810766274,2.0,16.75,23.0,36.25,56.0
7,55,0,22.545454545454547,13.46850672497413,1.0,11.5,22.0,31.5,55.0
8,55,0,25.29090909090909,12.209093040105513,0.0,17.0,24.0,32.5,51.0
9,56,0,24.928571428571427,12.713424748318953,1.0,16.0,23.0,30.25,56.0
10,55,0,25.0,12.659354614642062,3.0,17.5,25.0,30.5,62.0
11,56,0,24.178571428571427,14.470166353076742,3.0,13.75,23.0,29.5,69.0
12,56,0,24.160714285714285,13.779796522728194,4.0,14.5,22.5,30.25,64.0
13,55,0,25.10909090909091,11.635948014463033,3.0,17.0,26.0,29.0,59.0
14,56,0,20.714285714285715,12.473556445120629,1.0,12.0,18.5,27.0,54.0
15,56,0,19.535714285714285,10.30792155350664,1.0,10.0,22.0,25.0,43.0
16,56,0,20.660714285714285,12.01253403849388,2.0,11.0,18.0,26.5,53.0
17,56,0,21.375,13.125357137998188,0.0,12.75,19.0,28.5,66.0
18,56,0,19.803571428571427,9.675497906581331,4.0,12.75,21.0,26.0,49.0
19,56,0,21.321428571428573,10.420446933107732,2.0,14.0,22.0,28.25,43.0
20,56,0,20.410714285714285,9.821639903275337,2.0,13.75,19.5,28.25,44.0
21,56,0,19.875,10.663553049352906,1.0,12.75,20.0,26.0,61.0
22,56,0,17.910714285714285,10.116191855749754,1.0,10.75,19.0,23.0,49.0
23,54,0,20.0,8.264495555837202,6.0,14.0,20.0,24.75,44.0
24,56,0,19.553571428571427,12.35522656112074,0.0,9.0,19.5,28.75,50.0
25,55,0,18.963636363636365,10.194340543879193,0.0,13.0,19.0,25.0,49.0
26,55,0,17.0,11.297328428864482,0.0,8.5,16.0,23.0,50.0
27,56,0,19.196428571428573,12.270318426418863,1.0,10.0,17.0,26.0,65.0
28,56,0,17.017857142857142,10.771158579412763,0.0,8.0,16.0,23.0,43.0
29,56,0,16.660714285714285,11.448345312297771,0.0,8.75,14.5,24.0,46.0
30,55,0,18.836363636363636,13.189170131369478,0.0,7.5,19.0,28.0,50.0
31,53,0,15.39622641509434,10.589072056826955,0.0,7.0,14.0,22.0,45.0
32,56,0,16.678571428571427,13.648985500571284,0.0,6.75,16.0,21.5,62.0
33,54,0,17.64814814814815,11.318972897278982,0.0,8.25,17.5,25.75,42.0
34,55,0,18.8,9.588573446594685,1.0,11.5,18.0,24.0,49.0
35,55,0,17.01818181818182,10.151611638317283,0.0,8.0,17.0,23.0,48.0
36,55,0,20.01818181818182,11.514066934569097,2.0,12.5,20.0,25.5,59.0
37,52,0,18.403846153846153,11.341853110310822,0.0,8.75,19.0,26.75,44.0
38,56,0,15.142857142857142,9.883739762271754,0.0,8.0,14.0,22.0,43.0
39,56,0,15.625,9.782289191093353,0.0,8.0,15.5,21.25,41.0
40,55,0,15.0,12.118244586236566,0.0,6.0,15.0,20.5,64.0
41,55,0,16.12727272727273,10.910502153386766,0.0,8.0,15.0,21.5,42.0
42,55,0,15.036363636363637,9.163057140584476,0.0,6.5,15.0,23.0,35.0
43,52,0,15.557692307692308,9.862612034281952,0.0,8.0,14.5,22.0,39.0
44,56,0,14.071428571428571,12.214532540985967,1.0,5.0,9.0,19.25,52.0
45,56,0,15.75,11.217275637483137,0.0,7.0,14.5,20.0,46.0
46,55,0,15.527272727272727,11.696556228626768,0.0,6.0,16.0,22.0,50.0
47,56,0,14.125,12.182047148458782,0.0,6.0,11.5,16.25,57.0
48,54,0,15.333333333333334,10.859306069076736,0.0,7.25,13.5,21.0,45.0
49,54,0,14.74074074074074,11.64439323368002,0.0,4.25,13.0,22.75,51.0
50,54,0,13.944444444444445,10.892990071803172,0.0,6.5,13.0,20.75,47.0
51,53,0,14.60377358490566,11.747896084375654,0.0,5.0,14.0,21.0,51.0
52,53,0,12.90566037735849,10.67935490514903,0.0,5.0,10.0,19.0,37.0
53,54,0,13.277777777777779,11.240789381175581,0.0,5.0,9.5,18.0,59.0
54,56,0,11.910714285714286,9.71274099635822,0.0,3.75,10.0,19.0,36.0
55,55,0,15.381818181818181,8.901707928280056,1.0,9.0,15.0,20.0,53.0
56,52,0,10.75,8.53797744337202,0.0,3.0,8.5,17.25,30.0
57,55,0,13.909090909090908,9.69588062066056,0.0,6.0,13.0,21.0,35.0
58,54,0,13.25925925925926,11.408677903965128,0.0,4.25,10.5,21.0,45.0
59,53,0,11.377358490566039,8.640749644950105,0.0,5.0,9.0,18.0,38.0
60,54,0,12.88888888888889,10.72937541776528,0.0,4.0,9.5,18.5,49.0
61,52,0,12.461538461538462,9.291492078116807,0.0,5.0,11.0,19.0,36.0
62,54,0,11.944444444444445,9.151588513861626,0.0,4.0,10.5,17.0,33.0
63,51,0,16.431372549019606,10.80602591512862,1.0,7.0,15.0,22.5,45.0
64,52,0,15.346153846153847,10.918386391204148,0.0,5.0,14.0,23.25,40.0
65,54,0,13.25925925925926,9.996575234653237,0.0,5.0,12.0,21.0,39.0
66,56,0,10.392857142857142,9.416964520439736,0.0,3.0,8.5,18.0,35.0
67,53,0,12.39622641509434,11.222127219576768,0.0,4.0,10.0,18.0,56.0
68,55,0,10.10909090909091,9.623799063649887,0.0,2.0,9.0,13.5,51.0
69,52,0,11.192307692307692,10.350785631901893,0.0,4.75,7.0,14.25,48.0
70,55,0,12.436363636363636,11.422465901578661,0.0,2.5,10.0,15.0,47.0
71,53,0,13.169811320754716,9.111986714586038,0.0,6.0,11.0,19.0,43.0
72,53,0,11.377358490566039,9.24709188193019,2.0,4.0,8.0,18.0,43.0
73,54,0,12.796296296296296,10.987779883965484,0.0,4.25,10.0,19.5,43.0
74,51,0,10.862745098039216,10.862816592105636,0.0,3.0,7.0,15.0,50.0
75,51,0,11.450980392156863,12.624284099290854,0.0,3.5,7.0,17.5,71.0
76,53,0,10.716981132075471,9.414345351827887,0.0,3.0,8.0,18.0,39.0
77,53,0,10.622641509433961,8.587169353379988,0.0,4.0,8.0,16.0,33.0
78,54,0,13.38888888888889,11.768869500006197,0.0,4.25,10.5,19.5,46.0
79,53,0,9.90566037735849,9.983186155006587,0.0,3.0,7.0,13.0,55.0
80,48,0,9.583333333333334,10.162160377896978,0.0,2.0,5.0,15.25,35.0
81,53,0,10.69811320754717,8.454823169829835,0.0,4.0,10.0,17.0,32.0
82,53,0,7.584905660377358,7.621916683698173,0.0,2.0,6.0,9.0,34.0
83,53,0,11.11320754716981,8.880965768165451,0.0,4.0,10.0,17.0,44.0
84,48,0,12.5,10.206380982794903,0.0,5.0,10.0,19.5,41.0
85,50,0,8.78,8.437743193774129,0.0,2.0,5.0,14.0,31.0
86,51,0,10.803921568627452,9.726293451964397,0.0,2.5,8.0,17.0,38.0
87,51,0,8.627450980392156,7.815269117090532,0.0,3.0,6.0,12.0,28.0
88,47,0,9.914893617021276,8.248398493394214,0.0,4.0,7.0,17.0,33.0
89,52,0,11.423076923076923,9.140185251149965,0.0,3.0,10.5,16.5,35.0
90,51,0,8.254901960784315,8.622860632655271,0.0,1.5,6.0,13.0,41.0
91,53,0,11.50943396226415,10.478224015528282,0.0,4.0,9.0,17.0,55.0
92,50,0,10.2,8.88474960312355,0.0,4.0,7.0,16.0,38.0
93,51,0,10.470588235294118,9.986697033907598,0.0,3.5,7.0,17.0,41.0
94,48,0,9.125,6.972972137154422,0.0,3.0,7.5,15.25,24.0
95,49,0,8.89795918367347,8.349762716087564,0.0,2.0,6.0,14.0,35.0
96,52,0,9.903846153846153,7.794567276936596,0.0,3.75,8.0,15.25,29.0
97,51,0,8.0,7.720103626247513,0.0,1.5,5.0,13.0,25.0
98,51,0,11.882352941176471,9.559596348849732,0.0,3.5,10.0,18.5,33.0
99,51,0,8.07843137254902,8.221540335618144,0.0,1.0,5.0,11.0,31.0
100,51,0,10.117647058823529,8.286487938381446,0.0,2.5,9.0,15.0,32.0
101,51,0,7.823529411764706,8.337159905754335,0.0,2.0,4.0,12.0,35.0
102,51,0,9.862745098039216,8.369037239355881,0.0,2.5,7.0,16.5,28.0
103,49,0,8.408163265306122,9.153593027119046,0.0,2.0,5.0,13.0,40.0
104,48,0,8.5625,9.651162976994566,0.0,2.0,5.5,12.0,42.0
105,50,0,9.94,8.372476774941736,0.0,3.25,7.5,16.25,34.0
106,53,0,8.528301886792454,8.303390812435293,0.0,1.0,6.0,13.0,36.0
107,51,0,6.921568627450981,6.289175263116466,0.0,2.0,6.0,10.0,25.0
108,49,0,8.816326530612244,9.664525918248128,0.0,2.0,6.0,12.0,46.0
109,47,0,10.914893617021276,8.941427245361268,0.0,4.5,11.0,15.0,41.0
110,53,0,6.886792452830188,6.646746969986059,0.0,2.0,6.0,10.0,29.0
111,48,0,9.0,8.20741750660094,0.0,3.75,7.0,12.25,35.0
112,48,0,10.125,10.676330949965513,0.0,3.0,5.5,17.25,50.0
113,48,0,9.479166666666666,8.074097231225963,0.0,3.0,7.0,14.0,36.0
114,46,0,11.0,8.806563209081938,0.0,3.25,9.0,17.0,37.0
115,48,0,7.604166666666667,6.3034593114241755,0.0,3.0,6.5,11.0,24.0
116,52,0,7.384615384615385,8.876392674279002,0.0,1.0,5.0,10.25,53.0
117,50,0,8.04,8.535543931354441,0.0,3.0,6.0,10.0,45.0
118,47,0,6.8936170212765955,7.710055665938989,0.0,1.5,4.0,10.5,34.0
119,50,0,8.98,9.13948598563577,0.0,2.0,5.0,14.0,35.0
120,45,0,9.177777777777777,8.410731480697981,0.0,3.0,7.0,14.0,39.0
121,49,0,7.673469387755102,8.792486743194537,0.0,2.0,5.0,10.0,38.0
122,47,0,7.404255319148936,7.279093273884925,0.0,2.0,6.0,12.0,31.0
123,45,0,5.177777777777778,7.055909479709798,0.0,1.0,2.0,7.0,32.0
124,50,0,6.74,7.668674685274596,0.0,1.0,3.5,9.75,26.0
125,45,0,9.266666666666667,8.807021991776585,0.0,2.0,5.0,17.0,28.0
126,49,0,9.938775510204081,10.08589808277153,0.0,1.0,7.0,15.0,40.0
127,47,0,6.042553191489362,6.72101650829083,0.0,1.0,4.0,7.5,26.0
128,46,0,8.369565217391305,8.820074818660173,0.0,1.0,5.0,14.5,30.0
129,47,0,7.191489361702128,6.509652691838684,0.0,1.0,5.0,12.0,25.0
130,46,0,6.6521739130434785,6.536112984554345,0.0,1.0,5.5,11.0,23.0
131,44,0,7.636363636363637,10.399219355967576,0.0,1.0,2.5,8.25,39.0
132,44,0,7.704545454545454,7.4289801655551235,0.0,2.0,5.0,13.0,26.0
133,51,0,6.392156862745098,6.6575624108904865,0.0,1.0,5.0,11.0,30.0
134,42,0,7.928571428571429,7.762928970568428,0.0,2.0,4.5,14.0,28.0
135,46,0,6.782608695652174,10.374997817356153,0.0,1.0,4.0,8.0,57.0
136,47,0,7.74468085106383,8.039219313996751,0.0,1.0,4.0,12.0,25.0
137,48,0,8.208333333333334,7.240425323504708,0.0,2.0,6.0,13.25,31.0
138,45,0,6.688888888888889,6.7683159655929925,0.0,1.0,4.0,12.0,23.0
139,48,0,5.458333333333333,5.827149711382509,0.0,1.0,3.0,9.25,23.0
140,50,0,7.86,7.065322038676233,0.0,2.0,5.5,13.75,24.0
141,47,0,7.48936170212766,9.45440394374732,0.0,1.0,3.0,11.0,38.0
142,47,0,7.127659574468085,6.784307408426147,0.0,1.0,6.0,12.5,23.0
143,44,0,7.909090909090909,7.395215869667715,0.0,1.0,5.5,13.0,24.0
144,50,0,6.92,8.287782992982834,0.0,1.0,4.0,11.0,36.0
145,45,0,6.511111111111111,6.910539454742702,0.0,1.0,3.0,11.0,25.0
146,47,0,9.595744680851064,9.453914704382669,0.0,2.0,6.0,14.5,35.0
147,42,0,5.571428571428571,6.04109042468028,0.0,1.25,4.0,6.75,25.0
148,47,0,5.170212765957447,5.832141634142903,0.0,1.0,4.0,7.0,24.0
149,45,0,7.7555555555555555,7.660867371837791,0.0,2.0,5.0,12.0,30.0
150,42,0,6.023809523809524,6.7117955695709295,0.0,1.0,3.0,10.0,26.0
151,41,0,7.609756097560975,6.877056233522043,0.0,2.0,5.0,12.0,29.0
152,42,0,6.5,6.847645135551273,0.0,1.25,4.0,9.75,26.0
153,44,0,8.363636363636363,6.470293149934461,0.0,3.0,8.0,13.25,24.0
154,48,0,8.041666666666666,13.00893037507489,0.0,1.0,4.0,10.5,65.0
155,37,0,5.8108108108108105,5.481473027074616,0.0,2.0,4.0,7.0,22.0
156,42,0,5.142857142857143,6.3035856175379,0.0,1.0,2.5,6.0,25.0
157,46,0,5.108695652173913,4.931658548464942,0.0,1.0,4.0,8.75,19.0
158,48,0,4.5625,4.941815714207834,0.0,0.0,3.0,8.0,18.0
159,40,0,8.675,10.049588587063193,0.0,2.0,5.0,13.25,53.0
160,41,0,5.7560975609756095,6.818286030245717,0.0,1.0,4.0,10.0,29.0
161,46,0,6.326086956521739,8.186857619450787,0.0,1.0,3.0,8.5,29.0
162,41,0,5.560975609756097,6.364152655647901,0.0,1.0,4.0,8.0,28.0
163,41,0,7.536585365853658,10.144204160444549,0.0,1.0,4.0,8.0,46.0
164,44,0,7.431818181818182,11.373976268316188,0.0,0.0,3.0,9.75,52.0
165,42,0,6.571428571428571,8.425115927820372,0.0,1.25,4.0,9.0,50.0
166,44,0,7.886363636363637,8.14466842042369,0.0,1.0,5.0,14.0,24.0
167,44,0,6.931818181818182,6.95299074774779,0.0,1.0,4.0,12.25,24.0
168,41,0,7.853658536585366,8.705058803964956,0.0,1.0,4.0,16.0,26.0
169,43,0,6.604651162790698,7.429476476088246,0.0,1.0,4.0,11.0,31.0
170,41,0,3.682926829268293,4.027648348541888,0.0,0.0,2.0,5.0,13.0
171,42,0,5.690476190476191,7.350089082712505,0.0,0.25,2.5,7.0,28.0
172,38,0,4.447368421052632,5.588102073111796,0.0,0.25,2.0,6.0,20.0
173,42,0,8.595238095238095,8.293575308957088,0.0,2.0,5.5,12.0,30.0
174,41,0,6.7317073170731705,7.207719439059425,0.0,2.0,4.0,9.0,24.0
175,41,0,7.073170731707317,8.804516579297353,0.0,1.0,4.0,10.0,39.0
176,42,0,5.5476190476190474,6.779461022365618,0.0,1.0,2.5,7.75,25.0
177,42,0,4.833333333333333,7.274803380686126,0.0,0.25,3.0,6.0,41.0
178,37,0,5.5675675675675675,6.998176510668653,0.0,1.0,3.0,7.0,26.0
179,43,0,5.813953488372093,7.407383105657195,0.0,1.0,3.0,8.5,31.0
180,40,0,5.8,7.254353246543832,0.0,1.0,3.5,7.0,31.0
181,43,0,5.813953488372093,7.00427017357639,0.0,1.0,3.0,7.5,23.0
182,41,0,5.536585365853658,8.435335088114787,0.0,1.0,2.0,6.0,35.0
183,45,0,4.733333333333333,7.075566151456459,0.0,1.0,2.0,6.0,28.0
184,38,0,4.605263157894737,5.1859450059320835,0.0,1.0,3.0,6.5,19.0
185,42,0,3.642857142857143,4.247360319823495,0.0,1.0,2.0,4.0,15.0
186,41,0,4.7073170731707314,5.857661233116099,0.0,0.0,2.0,8.0,24.0
187,40,0,6.675,7.415809515435976,0.0,1.0,3.0,10.5,23.0
188,40,0,7.375,6.200444566360772,0.0,2.0,6.0,12.0,24.0
189,42,0,5.714285714285714,6.549197360189855,0.0,1.0,3.5,6.0,26.0
190,39,0,4.82051282051282,5.803228660667199,0.0,1.0,3.0,5.5,24.0
191,41,0,6.804878048780488,7.335596472663698,0.0,1.0,5.0,9.0,28.0
192,39,0,6.076923076923077,8.673567272510732,0.0,0.0,2.0,8.5,33.0
193,41,0,5.878048780487805,7.163082862675886,0.0,0.0,3.0,8.0,26.0
194,38,0,5.0,5.362532681183096,0.0,1.0,3.0,7.0,19.0
195,34,0,7.0588235294117645,8.014914795556823,0.0,1.0,4.0,9.75,32.0
196,40,0,4.7,11.359396878175245,0.0,0.0,1.0,4.0,70.0
197,40,0,5.725,7.3064337647702216,0.0,1.0,2.5,8.0,33.0
198,39,0,4.512820512820513,6.069213921491919,0.0,1.0,2.0,6.0,27.0
199,38,0,7.2894736842105265,9.392083770566721,0.0,1.0,3.0,7.0,36.0
200,37,0,7.45945945945946,7.452048915099325,0.0,1.0,5.0,12.0,27.0
201,40,0,6.2,7.633260552782583,0.0,1.0,3.0,8.0,29.0
202,41,0,5.560975609756097,7.642148848615175,0.0,0.0,2.0,7.0,30.0
203,32,0,7.34375,10.199966397794112,0.0,0.75,4.0,8.25,46.0
204,42,0,4.333333333333333,4.625837652116624,0.0,1.0,3.0,5.75,18.0
205,38,0,4.578947368421052,6.46667790958729,0.0,0.25,2.0,5.75,26.0
206,40,0,5.475,6.008487586483231,0.0,1.0,3.5,8.25,26.0
207,38,0,6.184210526315789,7.036027991731325,0.0,1.25,3.5,8.0,29.0
208,40,0,4.9,5.886969530786637,0.0,1.0,2.5,7.0,28.0
209,33,0,4.666666666666667,7.144345083117603,0.0,1.0,2.0,7.0,33.0
210,40,0,4.8,5.120096152943284,0.0,1.0,3.0,7.25,21.0
211,34,0,3.264705882352941,3.7116428081263244,0.0,0.0,2.0,5.75,15.0
212,41,0,5.585365853658536,6.819001428934068,0.0,0.0,4.0,9.0,34.0
213,33,0,4.696969696969697,5.581693562916459,0.0,1.0,2.0,7.0,18.0
214,39,0,6.333333333333333,8.224908680770719,0.0,0.0,3.0,8.0,28.0
215,42,0,5.666666666666667,7.807646866597895,0.0,1.0,3.0,7.0,33.0
216,37,0,5.918918918918919,6.1975729047676325,0.0,1.0,3.0,9.0,20.0
217,36,0,5.722222222222222,4.879175053874293,0.0,1.0,5.0,9.0,21.0
218,34,0,4.882352941176471,7.343373454335519,0.0,0.0,1.5,5.0,31.0
219,37,0,7.54054054054054,8.34863460092126,0.0,0.0,4.0,12.0,27.0
220,36,0,4.972222222222222,6.276878710729271,0.0,1.0,3.0,6.5,27.0
221,34,0,4.911764705882353,6.33588934255806,0.0,1.0,2.0,7.75,23.0
222,33,0,2.8181818181818183,3.431968690257692,0.0,1.0,1.0,3.0,14.0
223,38,0,4.552631578947368,7.6818401807965335,0.0,1.0,2.0,5.0,43.0
224,32,0,7.125,6.899041541659855,0.0,1.0,6.5,9.75,26.0
225,30,0,4.466666666666667,6.553405712816932,0.0,1.0,2.0,6.0,27.0
226,34,0,5.382352941176471,7.023832614672027,0.0,1.0,2.5,6.75,33.0
227,28,0,4.321428571428571,5.277861319305397,0.0,0.0,2.0,8.25,17.0
228,34,0,4.029411764705882,4.9877747155611125,0.0,1.0,2.0,5.75,17.0
229,33,0,4.96969696969697,6.10575982415809,0.0,1.0,2.0,8.0,21.0
230,39,0,4.6923076923076925,7.0976417364236895,0.0,0.5,2.0,4.0,32.0
231,33,0,3.1818181818181817,4.837707007551106,0.0,0.0,1.0,5.0,21.0
232,32,0,3.90625,4.31321581249551,0.0,0.75,2.0,7.0,16.0
233,36,0,4.944444444444445,6.196517198945339,0.0,1.0,3.0,5.75,25.0
234,35,0,2.857142857142857,3.3178914028859556,0.0,0.0,2.0,5.0,13.0
235,33,0,4.151515151515151,5.0874920891904845,0.0,0.0,1.0,8.0,19.0
236,32,0,3.4375,5.825070953465135,0.0,0.0,1.0,4.0,28.0
237,37,0,2.7837837837837838,4.738349074514451,0.0,0.0,1.0,2.0,19.0
238,30,0,3.1,4.915492749004645,0.0,0.0,2.0,3.0,24.0
239,33,0,4.696969696969697,7.161026674318636,0.0,0.0,2.0,6.0,27.0
240,25,0,5.32,6.296295206971584,0.0,0.0,2.0,10.0,18.0
241,31,0,3.161290322580645,4.803448581963785,0.0,0.0,1.0,3.0,19.0
242,28,0,5.0,5.367943257413851,0.0,1.0,3.5,6.25,19.0
243,34,0,5.264705882352941,5.440080344378903,0.0,1.0,3.5,8.0,19.0
244,35,0,5.9714285714285715,6.86202557252472,0.0,1.0,3.0,9.0,25.0
245,33,0,4.181818181818182,5.428251015834575,0.0,0.0,1.0,6.0,18.0
246,28,0,4.75,5.488202836117701,0.0,1.0,3.0,5.25,21.0
247,30,0,4.533333333333333,5.575397516882932,0.0,0.0,2.5,7.75,20.0
248,31,0,5.032258064516129,6.554814367916872,0.0,0.0,2.0,7.0,22.0
249,35,0,7.6571428571428575,9.308259637493553,0.0,1.0,4.0,12.0,35.0
250,32,0,5.1875,6.218793057883032,0.0,1.0,2.0,6.5,21.0
251,37,0,3.5945945945945947,5.002551901332511,0.0,0.0,2.0,5.0,20.0
252,27,0,6.333333333333333,8.458041235325206,0.0,2.0,3.0,8.0,39.0
253,29,0,4.689655172413793,5.87429903584773,0.0,0.0,2.0,6.0,22.0
254,22,0,3.1363636363636362,3.7833652762921024,0.0,0.0,1.5,5.5,13.0
255,23,0,5.913043478260869,8.862141355627015,0.0,0.0,2.0,5.5,33.0
256,18,0,2.8333333333333335,3.929526239966879,0.0,0.0,1.5,3.75,12.0
257,13,0,5.769230769230769,6.286942104524347,0.0,0.0,5.0,8.0,20.0
258,12,0,4.916666666666667,5.743903223629751,0.0,0.75,3.0,7.25,18.0
259,15,0,4.8,5.684565569529981,0.0,1.0,3.0,6.0,20.0
260,14,0,4.357142857142857,4.601122653258623,0.0,1.0,3.0,6.5,15.0
261,9,0,6.0,8.631338250816036,0.0,0.0,1.0,7.0,26.0
262,10,0,12.1,12.440525176481364,0.0,2.25,7.0,21.25,37.0
263,13,0,8.307692307692308,10.586033372519784,0.0,1.0,3.0,11.0,29.0
264,11,0,3.8181818181818183,5.723952861758766,0.0,0.0,1.0,5.0,16.0
265,11,0,7.636363636363637,8.823522281637047,0.0,1.0,3.0,12.5,24.0
266,8,0,1.75,2.5495097567963922,0.0,0.0,0.5,2.5,7.0
267,12,0,5.5,8.118441408859887,0.0,0.75,2.0,5.75,24.0
268,10,0,5.9,9.620002310002032,0.0,0.25,1.5,5.0,30.0
269,6,0,1.8333333333333333,1.7224014243685084,0.0,0.25,2.0,3.0,4.0
270,11,0,4.363636363636363,3.529099807960304,0.0,1.0,6.0,6.5,10.0
271,9,0,3.5555555555555554,3.358240279934981,0.0,1.0,3.0,7.0,8.0
272,11,0,8.545454545454545,6.787689391297105,0.0,3.5,7.0,12.0,21.0
273,6,0,5.5,4.324349662087931,0.0,2.25,6.0,8.25,11.0
274,9,0,7.111111111111111,6.936217348894937,0.0,1.0,5.0,12.0,17.0
275,9,0,6.333333333333333,8.381527307120106,0.0,0.0,2.0,12.0,21.0
276,7,0,12.0,8.925618559330589,1.0,5.0,11.0,19.0,24.0
277,10,0,5.3,6.515792780280505,0.0,0.75,4.0,6.5,22.0
278,8,0,5.75,7.796519369931321,0.0,1.0,2.0,7.75,23.0
279,6,0,4.833333333333333,4.070217029430577,0.0,3.0,4.0,5.75,12.0
280,10,0,7.2,10.881176406988354,0.0,0.25,2.0,6.75,31.0
281,10,0,4.4,8.474799243771042,0.0,0.0,0.5,4.25,27.0
282,7,0,4.571428571428571,5.68205194324324,0.0,1.0,2.0,6.5,15.0
283,11,0,5.454545454545454,5.989384548743491,0.0,1.5,4.0,7.0,19.0
284,8,0,3.25,4.832922806867792,0.0,1.0,2.0,2.25,15.0
285,6,0,7.666666666666667,6.282250127674531,0.0,3.5,6.5,12.5,16.0
286,7,0,4.857142857142857,5.984105932344765,0.0,1.0,2.0,6.5,17.0
287,10,0,2.3,3.433495141818157,0.0,0.0,1.0,3.0,11.0
288,11,0,8.0,8.988882021697691,0.0,0.0,8.0,12.5,28.0
289,8,0,9.375,10.78275739979608,0.0,1.75,6.0,12.25,31.0
290,7,0,8.571428571428571,7.3452284479368615,0.0,2.5,8.0,14.0,19.0
291,8,0,7.375,8.683934263092638,1.0,1.75,4.0,8.25,24.0
292,9,0,5.444444444444445,4.216370213557839,0.0,3.0,6.0,7.0,13.0
293,8,0,4.375,4.808846015417836,0.0,0.0,2.5,9.25,11.0
294,12,0,4.25,5.610461008444202,0.0,0.75,2.0,4.5,17.0
295,4,0,5.75,8.88350531415762,0.0,1.5,2.0,6.25,19.0
296,8,0,7.5,7.634508123364221,1.0,2.0,3.5,12.0,20.0
297,6,0,4.5,5.049752469181039,0.0,0.0,3.5,9.25,10.0
298,5,0,4.6,4.61519230368573,1.0,1.0,2.0,8.0,11.0
299,8,0,7.25,9.910312089651148,0.0,1.5,2.5,9.0,25.0
300,8,0,6.375,6.906260100186538,0.0,2.5,5.0,7.25,22.0
301,5,0,1.2,2.16794833886788,0.0,0.0,0.0,1.0,5.0
302,7,0,9.571428571428571,12.567910763224768,0.0,3.5,5.0,9.0,37.0
303,9,0,4.777777777777778,5.65194165260439,0.0,1.0,2.0,6.0,15.0
304,11,0,3.3636363636363638,6.407382106176082,0.0,0.0,0.0,2.5,20.0
305,13,0,10.307692307692308,8.625394825597024,0.0,4.0,11.0,17.0,25.0
306,9,0,3.0,6.837397165588671,0.0,0.0,0.0,2.0,21.0
307,10,0,5.2,8.753412033157254,0.0,0.25,1.0,6.75,28.0
308,4,0,4.0,8.0,0.0,0.0,0.0,4.0,16.0
309,9,0,5.777777777777778,7.6121248311128245,0.0,2.0,3.0,5.0,24.0
310,8,0,8.125,10.034761012173064,1.0,2.75,5.0,8.25,32.0
311,7,0,6.571428571428571,5.940177967511941,0.0,3.5,4.0,8.5,18.0
312,10,0,4.3,6.848357467305573,0.0,0.0,1.0,3.75,18.0
313,9,0,1.5555555555555556,1.9436506316151,0.0,0.0,1.0,2.0,6.0
314,11,0,5.363636363636363,5.679308536657033,0.0,1.5,3.0,7.5,18.0
315,11,0,5.2727272727272725,6.310164959664828,0.0,0.5,4.0,7.5,20.0
316,7,0,3.4285714285714284,7.390470053998435,0.0,0.0,0.0,2.0,20.0
317,7,0,4.0,6.506407098647711,0.0,0.0,1.0,4.5,18.0
318,6,0,6.666666666666667,8.2138095100061,1.0,1.5,3.0,8.25,22.0
319,9,0,3.111111111111111,5.035981643246043,0.0,0.0,2.0,3.0,16.0
320,10,0,5.8,8.941787044856053,0.0,0.0,0.5,11.25,25.0
321,8,0,4.0,6.094494002200442,0.0,0.75,1.5,4.0,18.0
322,9,0,4.555555555555555,3.166666666666667,0.0,3.0,4.0,6.0,10.0
323,5,0,1.2,1.7888543819998317,0.0,0.0,0.0,2.0,4.0
324,6,0,5.666666666666667,5.955389715767279,0.0,0.5,4.5,10.0,14.0
325,10,0,2.9,5.526702854726717,0.0,0.0,0.5,3.0,18.0
326,7,0,2.142857142857143,2.3401261667248794,0.0,0.0,2.0,3.5,6.0
327,2,0,3.0,1.4142135623730951,2.0,2.5,3.0,3.5,4.0
328,8,0,4.25,5.7507763451058125,0.0,0.0,1.5,6.5,15.0
329,8,0,3.875,5.303300858899107,0.0,0.0,1.0,6.75,14.0
330,9,0,4.777777777777778,7.102425250887506,0.0,0.0,3.0,5.0,22.0
331,4,0,5.25,6.701989754294367,0.0,1.5,3.0,6.75,15.0
332,4,0,7.75,5.315072906367325,0.0,6.75,9.5,10.5,12.0
333,6,0,6.333333333333333,4.802776974487434,0.0,2.5,8.0,9.0,12.0
334,8,0,7.375,6.7175144212722016,0.0,1.5,6.5,13.5,16.0
335,4,0,3.75,6.18465843842649,0.0,0.75,1.0,4.0,13.0
336,2,0,6.5,0.7071067811865476,6.0,6.25,6.5,6.75,7.0
337,3,0,8.333333333333334,10.408329997330663,0.0,2.5,5.0,12.5,20.0
338,3,0,4.333333333333333,5.859465277082315,0.0,1.0,2.0,6.5,11.0
339,2,0,2.5,3.5355339059327378,0.0,1.25,2.5,3.75,5.0
340,2,0,2.5,0.7071067811865476,2.0,2.25,2.5,2.75,3.0
341,1,0,1.0,,1.0,1.0,1.0,1.0,1.0
342,3,0,11.333333333333334,13.650396819628847,2.0,3.5,5.0,16.0,27.0
343,2,0,14.0,14.142135623730951,4.0,9.0,14.0,19.0,24.0
344,2,0,8.5,10.606601717798213,1.0,4.75,8.5,12.25,16.0
345,1,0,0.0,,0.0,0.0,0.0,0.0,0.0
346,4,0,5.75,1.707825127659933,4.0,4.75,5.5,6.5,8.0
348,2,0,8.0,8.48528137423857,2.0,5.0,8.0,11.0,14.0
349,2,0,11.5,16.263455967290593,0.0,5.75,11.5,17.25,23.0
350,1,0,22.0,,22.0,22.0,22.0,22.0,22.0
351,1,0,7.0,,7.0,7.0,7.0,7.0,7.0
352,3,0,4.333333333333333,5.8594652770823155,0.0,1.0,2.0,6.5,11.0
353,3,0,11.333333333333334,9.60902353693305,1.0,7.0,13.0,16.5,20.0
354,1,0,3.0,,3.0,3.0,3.0,3.0,3.0
355,2,0,16.5,16.263455967290593,5.0,10.75,16.5,22.25,28.0
356,3,0,10.333333333333334,4.041451884327381,6.0,8.5,11.0,12.5,14.0
357,3,0,1.0,0.0,1.0,1.0,1.0,1.0,1.0
358,2,0,9.5,13.435028842544403,0.0,4.75,9.5,14.25,19.0
360,1,0,3.0,,3.0,3.0,3.0,3.0,3.0
361,2,0,4.0,5.656854249492381,0.0,2.0,4.0,6.0,8.0
364,2,0,3.0,0.0,3.0,3.0,3.0,3.0,3.0
365,1,0,30.0,,30.0,30.0,30.0,30.0,30.0
366,1,0,5.0,,5.0,5.0,5.0,5.0,5.0
367,2,0,7.5,6.363961030678928,3.0,5.25,7.5,9.75,12.0
368,1,0,0.0,,0.0,0.0,0.0,0.0,0.0
369,1,0,13.0,,13.0,13.0,13.0,13.0,13.0
370,2,0,8.5,10.606601717798213,1.0,4.75,8.5,12.25,16.0
372,1,0,1.0,,1.0,1.0,1.0,1.0,1.0
373,2,0,12.0,15.556349186104045,1.0,6.5,12.0,17.5,23.0
374,2,0,13.0,16.97056274847714,1.0,7.0,13.0,19.0,25.0
377,2,0,2.0,2.8284271247461903,0.0,1.0,2.0,3.0,4.0
378,2,0,17.0,16.97056274847714,5.0,11.0,17.0,23.0,29.0
379,1,0,6.0,,6.0,6.0,6.0,6.0,6.0
380,2,0,3.0,4.242640687119285,0.0,1.5,3.0,4.5,6.0
381,1,0,2.0,,2.0,2.0,2.0,2.0,2.0
382,1,0,0.0,,0.0,0.0,0.0,0.0,0.0
384,3,0,5.333333333333333,7.505553499465135,1.0,1.0,1.0,7.5,14.0
387,1,0,0.0,,0.0,0.0,0.0,0.0,0.0
388,2,0,14.5,12.020815280171307,6.0,10.25,14.5,18.75,23.0
389,2,0,2.0,1.4142135623730951,1.0,1.5,2.0,2.5,3.0
390,2,0,10.5,7.7781745930520225,5.0,7.75,10.5,13.25,16.0
392,2,0,3.5,0.7071067811865476,3.0,3.25,3.5,3.75,4.0
393,1,0,7.0,,7.0,7.0,7.0,7.0,7.0
394,1,0,5.0,,5.0,5.0,5.0,5.0,5.0
395,1,0,2.0,,2.0,2.0,2.0,2.0,2.0
396,3,0,2.3333333333333335,1.5275252316519468,1.0,1.5,2.0,3.0,4.0
397,2,0,3.5,3.5355339059327378,1.0,2.25,3.5,4.75,6.0
398,3,0,5.0,3.0,2.0,3.5,5.0,6.5,8.0
400,1,0,2.0,,2.0,2.0,2.0,2.0,2.0
402,2,0,3.5,0.7071067811865476,3.0,3.25,3.5,3.75,4.0
403,1,0,0.0,,0.0,0.0,0.0,0.0,0.0
404,1,0,10.0,,10.0,10.0,10.0,10.0,10.0
405,1,0,2.0,,2.0,2.0,2.0,2.0,2.0
407,1,0,3.0,,3.0,3.0,3.0,3.0,3.0
408,3,0,1.6666666666666667,2.0816659994661326,0.0,0.5,1.0,2.5,4.0
411,1,0,14.0,,14.0,14.0,14.0,14.0,14.0
413,1,0,3.0,,3.0,3.0,3.0,3.0,3.0
414,1,0,1.0,,1.0,1.0,1.0,1.0,1.0
415,1,0,13.0,,13.0,13.0,13.0,13.0,13.0
416,1,0,1.0,,1.0,1.0,1.0,1.0,1.0
417,1,0,7.0,,7.0,7.0,7.0,7.0,7.0
418,4,0,9.25,11.324751652906125,1.0,4.0,5.0,10.25,26.0
419,2,0,0.5,0.7071067811865476,0.0,0.25,0.5,0.75,1.0
420,2,0,19.5,14.849242404917497,9.0,14.25,19.5,24.75,30.0
421,2,0,5.5,7.7781745930520225,0.0,2.75,5.5,8.25,11.0
422,3,0,9.333333333333334,7.234178138070234,1.0,7.0,13.0,13.5,14.0
423,2,0,0.0,0.0,0.0,0.0,0.0,0.0,0.0
426,1,0,18.0,,18.0,18.0,18.0,18.0,18.0
428,2,0,1.5,2.1213203435596424,0.0,0.75,1.5,2.25,3.0
430,1,0,7.0,,7.0,7.0,7.0,7.0,7.0
432,2,0,0.5,0.7071067811865476,0.0,0.25,0.5,0.75,1.0
434,1,0,1.0,,1.0,1.0,1.0,1.0,1.0
435,1,0,0.0,,0.0,0.0,0.0,0.0,0.0
436,1,0,9.0,,9.0,9.0,9.0,9.0,9.0
438,2,0,14.0,16.97056274847714,2.0,8.0,14.0,20.0,26.0
439,2,0,7.5,10.606601717798213,0.0,3.75,7.5,11.25,15.0
441,1,0,17.0,,17.0,17.0,17.0,17.0,17.0
442,1,0,6.0,,6.0,6.0,6.0,6.0,6.0
446,1,0,6.0,,6.0,6.0,6.0,6.0,6.0
463,1,0,1.0,,1.0,1.0,1.0,1.0,1.0
472,1,0,1.0,,1.0,1.0,1.0,1.0,1.0
